{ "R": [
    [
        0.9999998807907247,
        1.387778449909261e-17,
        -4.6566123179659506e-10
    ],
    [
        2.775556899818522e-17,
        0.9999998807907255,
        -2.9802318834982084e-08
    ],
    [
        -9.313224635931901e-10,
        -2.9802318834982084e-08,
        1.0000000000000009
    ]
],
"t": [
    [-5.9604637669964114e-08],
    [2.3841855067985667e-07],
    [-7.049915365954348e-15]
]}